,timestamp,bufferLevel,frameRate,bitrate,resolution,calculatedBitrate,CPU_use,RAM_filled,Net_bytes_sent,Net_bytes_received,Disk_IO_percentage
0,2022-12-04 11:25:44,0.0,18,590,426x240,0,14.6,2709483520,819589898,3295454,0.0003777593305304
1,2022-12-04 11:25:45,0.0,18,590,426x240,0,14.8,2718146560,819590112,3296324,0.0003777356602516
2,2022-12-04 11:25:46,0.0,18,590,426x240,0,14.0,2736558080,820313665,3306773,0.0003999551383653
3,2022-12-04 11:25:47,0.0,18,590,426x240,0,14.0,2753986560,831190381,3357421,0.0004221264698679
4,2022-12-04 11:25:48,0.0,18,590,426x240,0,12.0,2763247616,839695675,3389729,0.0004443433563308
5,2022-12-04 11:25:49,0.0,18,590,426x240,0,14.9,2760679424,846347605,3415373,0.0004665509879411
6,2022-12-04 11:25:50,0.0,18,590,426x240,0,12.8,2767392768,849050639,3429933,0.0004887673758884
7,2022-12-04 11:25:51,0.0,18,590,426x240,0,15.7,2765012992,853279447,3449923,0.0005109836206977
8,2022-12-04 11:25:52,0.0,18,590,426x240,0,14.9,2778263552,862389433,3477959,0.0005331929554768
9,2022-12-04 11:25:54,634.626,18,590,426x240,77,51.0,3126128640,874880597,3537778,0.0152996847965155
10,2022-12-04 11:25:55,633.268,18,590,426x240,97,29.6,3095396352,874880597,3537993,0.015321880227863
11,2022-12-04 11:25:55,632.32,18,590,426x240,139,29.6,3095396352,874880597,3537993,0.015321880227863
12,2022-12-04 11:25:56,631.524,18,590,426x240,188,17.7,3101437952,881113503,3565398,0.0153436838064237
13,2022-12-04 11:25:57,630.461,18,590,426x240,297,13.2,3100188672,885293081,3580341,0.0153645719282054
14,2022-12-04 11:25:58,629.399,18,590,426x240,429,12.8,3094835200,885293081,3580477,0.0153867648177958
15,2022-12-04 11:25:59,628.336,18,590,426x240,579,12.2,3077988352,885293081,3580477,0.0154087763527681
16,2022-12-04 11:26:00,627.539,18,590,426x240,718,14.3,3072446464,885293081,3580559,0.0154309654960836
17,2022-12-04 11:26:01,626.477,18,590,426x240,862,18.3,3073056768,885293081,3580559,0.0154519366788071
18,2022-12-04 11:26:02,625.415,18,590,426x240,981,14.9,3074781184,885293081,3580559,0.0154741239955764
19,2022-12-04 11:26:03,624.352,18,590,426x240,1134,14.1,3076210688,885293081,3580559,0.0154955200353688
20,2022-12-04 11:26:04,623.555,18,590,426x240,1253,18.0,3072573440,885293081,3580559,0.0155173168760977
21,2022-12-04 11:26:05,622.493,18,590,426x240,1385,19.1,3079229440,885293081,3580559,0.0155395058359446
22,2022-12-04 11:26:06,621.43,18,590,426x240,1521,19.5,3080941568,885293081,3580559,0.0155560002416616
23,2022-12-04 11:26:07,620.369,18,590,426x240,1627,17.8,3077070848,885293081,3580559,0.0155781533708033
24,2022-12-04 11:26:08,619.571,18,590,426x240,1757,17.0,3068342272,885293081,3580559,0.0156003306249302
25,2022-12-04 11:26:09,618.509,18,590,426x240,1878,14.0,3067932672,885293081,3580559,0.0156225043728865
26,2022-12-04 11:26:10,617.446,18,590,426x240,2002,15.8,3059998720,885293081,3580559,0.0156442267616245
27,2022-12-04 11:26:11,616.384,18,590,426x240,2116,9.6,3063791616,885293081,3580559,0.0156662120469509
28,2022-12-04 11:26:12,615.322,18,590,426x240,2255,9.4,3064594432,885293081,3580559,0.0156879704830946
29,2022-12-04 11:26:13,614.525,18,590,426x240,2387,9.9,3067011072,885293081,3580559,0.0157101495165772
30,2022-12-04 11:26:14,613.462,18,590,426x240,2470,9.6,3055792128,885293081,3580559,0.0157318049001022
31,2022-12-04 11:26:15,612.4,18,590,426x240,2583,10.1,3055177728,885293081,3580559,0.0157538677825582
32,2022-12-04 11:26:16,611.337,18,590,426x240,2698,7.7,3053625344,885293081,3580559,0.0157760423268331
33,2022-12-04 11:26:17,610.54,18,590,426x240,2782,6.5,3055828992,885293081,3580559,0.0157954866060873
34,2022-12-04 11:26:18,609.478,18,590,426x240,2782,6.9,3057704960,885293081,3580559,0.0158173238851629
35,2022-12-04 11:26:19,608.416,18,590,426x240,2782,6.4,3057700864,885293081,3580559,0.0158394694177059
36,2022-12-04 11:26:20,607.353,18,590,426x240,2782,6.2,3057762304,885293081,3580559,0.0158616429922401
37,2022-12-04 11:26:21,606.556,18,590,426x240,2782,5.3,3057770496,885293081,3580559,0.0158838165372603
38,2022-12-04 11:26:22,605.494,18,590,426x240,2782,5.3,3058024448,885293081,3580559,0.01590585596715
39,2022-12-04 11:26:23,604.432,18,590,426x240,2782,5.5,3043532800,885293081,3580559,0.015927728928244
40,2022-12-04 11:26:24,603.369,18,590,426x240,2782,5.0,3044777984,885293081,3580559,0.0159499017799946
41,2022-12-04 11:26:25,602.572,18,590,426x240,2782,4.7,3044773888,885293081,3580559,0.0159720746022329
42,2022-12-04 11:26:26,601.51,18,590,426x240,2782,4.8,3044769792,885293081,3580762,0.0159942473949591
43,2022-12-04 11:26:27,600.447,18,590,426x240,2782,4.5,3044483072,885293081,3580762,0.0160117919529324
44,2022-12-04 11:26:28,599.385,18,590,426x240,2782,4.8,3043680256,885293081,3580762,0.0160337271557504
45,2022-12-04 11:26:29,598.323,18,590,426x240,2782,5.8,3043934208,885293081,3580762,0.0160558860151846
46,2022-12-04 11:26:30,597.525,18,590,426x240,2782,5.3,3045195776,885293081,3580762,0.016078044825478
47,2022-12-04 11:26:31,596.463,18,590,426x240,2782,5.8,3046305792,885293081,3580762,0.0161002071571075
48,2022-12-04 11:26:32,595.4,18,590,426x240,2782,5.2,3046375424,885293081,3580762,0.0161211860824492
49,2022-12-04 11:26:33,594.339,18,590,426x240,2782,7.2,3055120384,885293081,3580762,0.0161653495731898
50,2022-12-04 11:26:34,593.541,18,590,426x240,2782,5.7,3054252032,885293081,3580762,0.0161874237576498
51,2022-12-04 11:26:35,592.479,18,590,426x240,2782,6.3,3055104000,885293081,3580762,0.0162095767443353
52,2022-12-04 11:26:36,591.417,18,590,426x240,2782,5.6,3053465600,885293081,3580762,0.016231729672073
53,2022-12-04 11:26:37,590.354,18,590,426x240,2782,6.0,3053658112,885293081,3580762,0.0162521022554337
54,2022-12-04 11:26:38,589.557,18,590,426x240,2782,6.9,3052879872,885293081,3580762,0.0162964210343338
55,2022-12-04 11:26:39,588.495,18,590,426x240,2782,6.3,3052662784,885293081,3580762,0.0163184591649682
56,2022-12-04 11:26:40,587.433,18,590,426x240,2782,5.6,3052916736,885293081,3580762,0.0163406092464235
57,2022-12-04 11:26:41,586.37,18,590,426x240,2782,5.5,3052654592,885293081,3580762,0.016362759268946
58,2022-12-04 11:26:42,585.573,18,590,426x240,2782,6.0,3052843008,885293081,3580762,0.0163844842038551
59,2022-12-04 11:26:43,584.511,18,590,426x240,2782,6.3,3053350912,885293081,3580762,0.0164061788551735
60,2022-12-04 11:26:44,583.448,18,590,426x240,2782,5.4,3053699072,885293081,3580762,0.0164282000362817
61,2022-12-04 11:26:45,582.386,18,590,426x240,2782,5.3,3054125056,885293081,3580762,0.0164502572874556
62,2022-12-04 11:26:46,581.323,18,590,426x240,2782,5.2,3053850624,885293081,3580762,0.0164724055337749
63,2022-12-04 11:26:47,580.527,18,590,426x240,2782,4.8,3053035520,885293081,3580762,0.0164944732706672
64,2022-12-04 11:26:48,579.464,18,590,426x240,2782,5.2,3051999232,885293081,3580762,0.0165166212912217
65,2022-12-04 11:26:49,578.402,18,590,426x240,2782,6.1,3052224512,885293081,3580762,0.0165387692528538
66,2022-12-04 11:26:50,577.339,18,590,426x240,2782,4.8,3052216320,885293081,3580762,0.0165608253675929
67,2022-12-04 11:26:51,576.542,18,590,426x240,2782,4.3,3051241472,885293151,3580832,0.0166051391575507
68,2022-12-04 11:26:52,575.48,18,590,426x240,2782,5.1,3051495424,885293151,3580832,0.0166270803595107
69,2022-12-04 11:26:53,574.417,18,590,426x240,2782,7.0,3051675648,885293151,3580832,0.0166490541768758
70,2022-12-04 11:26:54,573.355,18,590,426x240,2782,4.8,3051790336,885293151,3580832,0.01667120118166
71,2022-12-04 11:26:55,572.559,18,590,426x240,2782,5.7,3052171264,885293151,3580832,0.0166933481275267
72,2022-12-04 11:26:56,571.496,18,590,426x240,2782,5.5,3051458560,885293151,3580832,0.0167154950144761
73,2022-12-04 11:26:57,570.433,18,590,426x240,2782,5.2,3052187648,885293151,3580832,0.0167376418425084
74,2022-12-04 11:26:58,569.371,18,590,426x240,2782,7.3,3054456832,885293151,3580832,0.0167578567831664
75,2022-12-04 11:26:59,568.574,18,590,426x240,2782,5.6,3054456832,885293151,3580832,0.0168021636664848
76,2022-12-04 11:27:00,567.512,18,590,426x240,2782,5.9,3054444544,885293151,3580832,0.0168243077332132
77,2022-12-04 11:27:01,566.449,18,590,426x240,2782,10.1,3037773824,885293151,3580832,0.0168464517410392
78,2022-12-04 11:27:02,565.387,18,590,426x240,2782,9.9,3037335552,885293151,3580832,0.0168685956899629
79,2022-12-04 11:27:03,564.324,18,590,426x240,2782,7.7,3034021888,885293151,3580832,0.0168904438047231
80,2022-12-04 11:27:04,563.527,18,590,426x240,2782,5.9,3034075136,885293151,3580832,0.0169124710355923
81,2022-12-04 11:27:05,562.465,18,590,426x240,2782,5.7,3035635712,885293151,3580832,0.0169346105147639
82,2022-12-04 11:27:06,561.403,18,590,426x240,2782,6.0,3036057600,885293151,3580832,0.0169567536838131
83,2022-12-04 11:27:07,560.34,18,590,426x240,2782,5.3,3036053504,885293151,3580832,0.0169788967939642
84,2022-12-04 11:27:08,559.543,18,590,426x240,2782,6.3,3037749248,885293151,3580832,0.0169997172439468
85,2022-12-04 11:27:09,558.481,18,590,426x240,2782,5.2,3036946432,885293151,3580832,0.0170438637353068
86,2022-12-04 11:27:10,557.418,18,590,426x240,2782,5.2,3037134848,885293151,3580832,0.0170660047125444
87,2022-12-04 11:27:11,556.356,18,590,426x240,2782,4.8,3037134848,885293151,3580832,0.0170881456308952
88,2022-12-04 11:27:12,555.559,18,590,426x240,2782,5.3,3037716480,885293151,3580832,0.0171102826981076
89,2022-12-04 11:27:13,554.497,18,590,426x240,2782,5.3,3035975680,885293151,3580832,0.0171319260811688
90,2022-12-04 11:27:14,553.434,18,590,426x240,2782,4.7,3035873280,885293151,3580832,0.0171540661757995
91,2022-12-04 11:27:15,552.372,18,590,426x240,2782,4.8,3035869184,885293151,3580832,0.0171762062115478
92,2022-12-04 11:27:16,551.575,18,590,426x240,2782,4.7,3035865088,885293151,3580832,0.0171983461884137
93,2022-12-04 11:27:17,550.513,18,590,426x240,2782,5.6,3035611136,885293151,3580832,0.0172204822898587
94,2022-12-04 11:27:18,549.451,18,590,426x240,2782,6.2,3035017216,885293151,3580832,0.0172412045064475
95,2022-12-04 11:27:19,548.388,18,590,426x240,2782,5.3,3034501120,885293151,3580832,0.0172854957239173
96,2022-12-04 11:27:20,547.325,18,590,426x240,2782,5.2,3034820608,885293151,3580832,0.0173076336027152
97,2022-12-04 11:27:21,546.528,18,590,426x240,2782,5.3,3034816512,885293151,3580832,0.0173297714226418
98,2022-12-04 11:27:22,545.466,18,590,426x240,2782,5.8,3034816512,885293151,3580832,0.0173519091836973
99,2022-12-04 11:27:23,544.403,18,590,426x240,2782,5.9,3035824128,885293151,3580832,0.0173736272216816
100,2022-12-04 11:27:24,543.341,18,590,426x240,2782,6.1,3035869184,885293151,3580832,0.0173957643308273
101,2022-12-04 11:27:25,542.545,18,590,426x240,2782,6.6,3037356032,885293151,3580832,0.0174179013811055
102,2022-12-04 11:27:26,541.482,18,590,426x240,2782,6.2,3040440320,885293151,3580832,0.0174398335437691
103,2022-12-04 11:27:27,540.419,18,590,426x240,2782,6.5,3040952320,885293151,3580832,0.0174619702165932
104,2022-12-04 11:27:28,539.357,18,590,426x240,2782,6.5,3042177024,885293151,3580832,0.0174841068305519
105,2022-12-04 11:27:29,538.56,18,590,426x240,2782,6.2,3034427392,885293151,3580832,0.0175062433856454
106,2022-12-04 11:27:30,537.498,18,590,426x240,2782,5.2,3033624576,885293151,3580832,0.017528379881874
107,2022-12-04 11:27:31,536.435,18,590,426x240,2782,6.2,3032907776,885293151,3580832,0.0175504074237337
108,2022-12-04 11:27:32,535.373,18,590,426x240,2782,6.3,3033206784,885293151,3580832,0.0175725436650287
109,2022-12-04 11:27:33,534.576,18,590,426x240,2782,6.7,3034673152,885293151,3580832,0.0175930814431711
110,2022-12-04 11:27:34,533.513,18,590,426x240,2782,5.5,3034333184,885293151,3580832,0.0176373613377406
111,2022-12-04 11:27:36,531.389,18,590,426x240,2782,5.8,3033509888,885293151,3581047,0.0176590923304091
112,2022-12-04 11:27:37,530.326,18,590,426x240,2782,5.1,3037896704,885293151,3581262,0.017681217943445
113,2022-12-04 11:27:38,529.529,18,590,426x240,2782,5.0,3037958144,885293151,3581477,0.0177033434780433
114,2022-12-04 11:27:39,528.467,18,590,426x240,2782,5.6,3039506432,885293151,3581692,0.0177254689342046
115,2022-12-04 11:27:40,527.404,18,590,426x240,2782,4.8,3039727616,885293151,3581692,0.0177697471716162
116,2022-12-04 11:27:41,526.342,18,590,426x240,2782,4.8,3039977472,885293151,3581762,0.0177917541644863
117,2022-12-04 11:27:42,525.545,18,590,426x240,2782,4.9,3040034816,885293151,3581762,0.0178360278567735
118,2022-12-04 11:27:43,524.483,18,590,426x240,2782,5.3,3035631616,885293151,3581977,0.0178577175277984
119,2022-12-04 11:27:44,523.42,18,590,426x240,2782,5.5,3036844032,885293151,3582192,0.0178793585298248
120,2022-12-04 11:27:45,522.358,18,590,426x240,2782,5.3,3037585408,885293151,3582407,0.0179013314281413
121,2022-12-04 11:27:46,521.451,18,590,426x240,2782,5.6,3038355456,885293151,3582622,0.0179234508026476
122,2022-12-04 11:27:47,520.498,18,590,426x240,2782,5.3,3038351360,885293151,3582622,0.0179455700889441
123,2022-12-04 11:27:48,519.436,18,590,426x240,2782,5.7,3038306304,885293151,3582622,0.0179676892870311
124,2022-12-04 11:27:49,518.374,18,590,426x240,2782,5.7,3036446720,885293151,3582622,0.0179898083969092
125,2022-12-04 11:27:50,517.577,18,590,426x240,2782,6.1,3037052928,885293151,3582622,0.0180101079238549
126,2022-12-04 11:27:51,516.514,18,590,426x240,2782,5.6,3035955200,885293151,3582622,0.0180543732371718
127,2022-12-04 11:27:52,515.452,18,590,426x240,2782,6.1,3035951104,885293151,3582622,0.01807648980265
128,2022-12-04 11:27:53,514.389,18,590,426x240,2782,6.0,3036016640,885293151,3582622,0.0180986062799394
129,2022-12-04 11:27:54,513.327,18,590,426x240,2782,6.5,3035709440,885293151,3582837,0.0181205380182677
130,2022-12-04 11:27:55,512.53,18,590,426x240,2782,6.9,3035705344,885293151,3583052,0.0181426540941839
131,2022-12-04 11:27:56,511.468,18,590,426x240,2782,6.3,3035705344,885293151,3583267,0.0181647700819148
132,2022-12-04 11:27:57,510.405,18,590,426x240,2782,5.9,3035185152,885293151,3583482,0.0181868859814607
133,2022-12-04 11:27:58,509.343,18,590,426x240,2782,6.1,3035181056,885293151,3583482,0.0182090017928224
134,2022-12-04 11:27:59,508.546,18,590,426x240,2782,8.5,3035435008,885293151,3583482,0.0182309277055663
135,2022-12-04 11:28:00,507.484,18,590,426x240,2782,5.5,3035156480,885293151,3583482,0.0182529137238042
136,2022-12-04 11:28:01,506.421,18,590,426x240,2782,5.2,3035410432,885293151,3583482,0.0182750288842369
137,2022-12-04 11:28:02,505.359,18,590,426x240,2782,5.5,3034710016,885293151,3583482,0.0182971439564904
138,2022-12-04 11:28:03,504.562,18,590,426x240,2782,6.2,3035627520,885293151,3583482,0.0183192589405653
139,2022-12-04 11:28:04,503.499,18,590,426x240,2782,5.6,3034439680,885293151,3583482,0.0183413738364621
140,2022-12-04 11:28:05,502.437,18,590,426x240,2782,5.3,3035111424,885293151,3583482,0.0183633788151843
141,2022-12-04 11:28:06,501.374,18,590,426x240,2782,4.8,3034882048,885293151,3583482,0.0183854934026813
142,2022-12-04 11:28:07,500.577,18,590,426x240,2782,5.3,3035713536,885293151,3583482,0.0184076079020028
143,2022-12-04 11:28:08,499.515,18,590,426x240,2782,5.2,3035971584,885293151,3583482,0.0184297223131494
144,2022-12-04 11:28:09,498.452,18,590,426x240,2782,5.1,3036033024,885293151,3583482,0.0184518366361216
145,2022-12-04 11:28:10,497.391,18,590,426x240,2782,4.6,3036192768,885293151,3583482,0.018472158674957
146,2022-12-04 11:28:11,496.328,18,590,426x240,2782,5.3,3036508160,885293151,3583482,0.0185164113046456
147,2022-12-04 11:28:12,495.531,18,590,426x240,2782,5.1,3036696576,885293151,3583482,0.0185385231674229
148,2022-12-04 11:28:13,494.468,18,590,426x240,2782,5.8,3036692480,885293151,3583482,0.0185600676490102
149,2022-12-04 11:28:14,493.406,18,590,426x240,2782,5.6,3036426240,885293151,3583552,0.0185821786607819
150,2022-12-04 11:28:15,492.344,18,590,426x240,2782,6.1,3035897856,885293151,3583552,0.018604289584405
151,2022-12-04 11:28:16,491.547,18,590,426x240,2782,5.4,3035541504,885293151,3583552,0.0186264004198802
152,2022-12-04 11:28:17,490.484,18,590,426x240,2782,5.7,3033894912,885293151,3583552,0.0186485111672079
153,2022-12-04 11:28:18,489.422,18,590,426x240,2782,5.5,3033698304,885293151,3583552,0.0186704770976865
154,2022-12-04 11:28:19,488.359,18,590,426x240,2782,6.2,3033403392,885293151,3583552,0.0186925874976156
155,2022-12-04 11:28:20,487.563,18,590,426x240,2782,6.4,3033657344,885293151,3583552,0.0187146978094003
156,2022-12-04 11:28:21,486.5,18,590,426x240,2782,5.4,3032592384,885293151,3583552,0.018736808033041
157,2022-12-04 11:28:22,485.438,18,590,426x240,2782,6.5,3032535040,885293151,3583552,0.0187589181685382
158,2022-12-04 11:28:23,484.375,18,590,426x240,2782,6.0,3032637440,885293151,3583552,0.0187810282158925
159,2022-12-04 11:28:24,483.578,18,590,426x240,2782,6.4,3032920064,885293151,3583552,0.0188028716569465
160,2022-12-04 11:28:25,482.516,18,590,426x240,2782,6.7,3038691328,885293151,3583552,0.0188236555107165
161,2022-12-04 11:28:26,481.454,18,590,426x240,2782,12.7,3017539584,885293151,3583552,0.0188669008790159
162,2022-12-04 11:28:27,480.391,18,590,426x240,2782,9.0,3022069760,885293151,3583552,0.0188889907521449
163,2022-12-04 11:28:28,479.328,18,590,426x240,2782,7.9,3023945728,885293151,3583552,0.0189110972488782
164,2022-12-04 11:28:29,478.532,18,590,426x240,2782,8.7,3019051008,885293151,3583552,0.0189328137549217
165,2022-12-04 11:28:30,477.469,18,590,426x240,2782,8.6,3019739136,885293151,3583622,0.0189549196209547
166,2022-12-04 11:28:31,476.407,18,590,426x240,2782,8.2,3020038144,885293151,3583622,0.0189770253988773
167,2022-12-04 11:28:32,475.345,18,590,426x240,2782,8.8,3020550144,885293151,3583622,0.01899913108869
168,2022-12-04 11:28:33,474.548,18,590,426x240,2782,8.0,3021795328,885293151,3583622,0.0190212366903933
169,2022-12-04 11:28:34,473.485,18,590,426x240,2782,9.3,3026436096,885293151,3583622,0.0190431144969473
170,2022-12-04 11:28:35,472.423,18,590,426x240,2782,8.4,3026366464,885293151,3583622,0.0190652196585664
171,2022-12-04 11:28:36,471.36,18,590,426x240,2782,8.4,3027214336,885293151,3583622,0.0190854990503746
172,2022-12-04 11:28:37,470.563,18,590,426x240,2782,8.7,3051151360,885293151,3583622,0.0191283918025985
173,2022-12-04 11:28:38,469.501,18,590,426x240,2782,5.3,3033833472,885293151,3583622,0.0191220566401949
174,2022-12-04 11:28:39,468.438,18,590,426x240,2782,5.1,3034095616,885293151,3583622,0.0191441207432516
175,2022-12-04 11:28:40,467.376,18,590,426x240,2782,6.0,3034124288,885293151,3583622,0.0191661847487571
176,2022-12-04 11:28:41,466.579,18,590,426x240,2782,5.5,3034112000,885293151,3583622,0.0191882444149055
177,2022-12-04 11:28:42,465.517,18,590,426x240,2782,5.1,3034124288,885293151,3583622,0.0192099684925568
178,2022-12-04 11:28:43,464.454,18,590,426x240,2782,5.3,3033907200,885293151,3583622,0.0192315259088443
179,2022-12-04 11:28:44,463.392,18,590,426x240,2782,5.8,3033305088,885293151,3583622,0.0192535842945572
180,2022-12-04 11:28:45,462.329,18,590,426x240,2782,5.5,3032510464,885293151,3583622,0.019297743401907
181,2022-12-04 11:28:46,461.532,18,590,426x240,2782,5.8,3029622784,885293151,3583622,0.0193198015144602
182,2022-12-04 11:28:47,460.47,18,590,426x240,2782,6.3,3029753856,885293151,3583622,0.019341855244229
183,2022-12-04 11:28:48,459.407,18,590,426x240,2782,6.6,3030003712,885293151,3583622,0.0193637761662419
184,2022-12-04 11:28:49,458.345,18,590,426x240,2782,5.6,3029934080,885293151,3583622,0.0193858295112449
185,2022-12-04 11:28:50,457.549,18,590,426x240,2782,6.9,3029995520,885293151,3583622,0.0194078827392524
186,2022-12-04 11:28:51,456.486,18,590,426x240,2782,6.0,3029925888,885293151,3583622,0.0194299358502652
187,2022-12-04 11:28:52,455.423,18,590,426x240,2782,6.4,3030183936,885293151,3583622,0.0194519888442844
188,2022-12-04 11:28:53,454.361,18,590,426x240,2782,5.6,3030237184,885293151,3583622,0.0194739685427989
189,2022-12-04 11:28:54,453.564,18,590,426x240,2782,6.5,3030233088,885293151,3583622,0.0194958186773921
190,2022-12-04 11:28:55,452.502,18,590,426x240,2782,6.7,3030228992,885293151,3583622,0.0195178710091977
191,2022-12-04 11:28:56,451.439,18,590,426x240,2782,6.3,3030220800,885293151,3583622,0.0195393660757703
192,2022-12-04 11:28:57,450.377,18,590,426x240,2782,5.8,3029983232,885293151,3583622,0.0195614175463041
193,2022-12-04 11:28:58,449.58,18,590,426x240,2782,5.6,3029954560,885293151,3583622,0.0195834688998599
194,2022-12-04 11:28:59,448.517,18,590,426x240,2782,4.9,3030183936,885293151,3583622,0.0196055201364385
195,2022-12-04 11:29:00,447.455,18,590,426x240,2782,7.4,3029913600,885293151,3583622,0.0196275712560407
196,2022-12-04 11:29:01,446.392,18,590,426x240,2782,5.1,3030142976,885293151,3583622,0.0196495136800621
197,2022-12-04 11:29:02,445.33,18,590,426x240,2782,4.7,3029999616,885293151,3583622,0.0196715644441556
198,2022-12-04 11:29:03,444.533,18,590,426x240,2782,6.6,3024052224,885293151,3583622,0.01969341486245
199,2022-12-04 11:29:04,443.471,18,590,426x240,2782,5.1,3024375808,885293151,3583622,0.0197154651689396
200,2022-12-04 11:29:05,442.409,18,590,426x240,2782,6.1,3024371712,885293151,3583622,0.0197375153584613
201,2022-12-04 11:29:06,441.346,18,590,426x240,2782,4.7,3024531456,885293151,3583622,0.0197579976794298
202,2022-12-04 11:29:07,440.549,18,590,426x240,2782,4.5,3024400384,885293151,3583622,0.0197800415181966
203,2022-12-04 11:29:08,439.486,18,590,426x240,2782,4.3,3024396288,885293151,3583622,0.0198019058008312
204,2022-12-04 11:29:09,438.424,18,590,426x240,2782,5.1,3024744448,885293151,3583622,0.01982395356819
205,2022-12-04 11:29:10,437.362,18,590,426x240,2782,6.2,3024744448,885293151,3583622,0.0198460012186063
206,2022-12-04 11:29:11,436.565,18,590,426x240,2782,5.6,3024740352,885293151,3583622,0.019867192569007
207,2022-12-04 11:29:12,435.502,18,590,426x240,2782,4.8,3024736256,885293151,3583622,0.0199113337919643
208,2022-12-04 11:29:13,434.44,18,590,426x240,2782,5.1,3024736256,885293151,3583622,0.0199328162439635
209,2022-12-04 11:29:14,433.377,18,590,426x240,2782,5.7,3024723968,885293151,3583622,0.0199548617932459
210,2022-12-04 11:29:15,432.58,18,590,426x240,2782,6.2,3024723968,885293151,3583622,0.0199769072256075
211,2022-12-04 11:29:16,431.518,18,590,426x240,2782,6.1,3024719872,885293151,3583622,0.0199989392827783
212,2022-12-04 11:29:17,430.456,18,590,426x240,2782,6.1,3024199680,885293151,3583622,0.0200209756181641
213,2022-12-04 11:29:18,429.393,18,590,426x240,2782,6.0,3024134144,885293151,3583622,0.0200428656568922
214,2022-12-04 11:29:19,428.331,18,590,426x240,2782,6.1,3023577088,885293151,3583622,0.0200649104271903
215,2022-12-04 11:29:20,427.534,18,590,426x240,2782,7.1,3023384576,885293151,3583622,0.0200869550805743
216,2022-12-04 11:29:21,426.472,18,590,426x240,2782,9.2,3023605760,885293151,3583622,0.020108999617045
217,2022-12-04 11:29:22,425.409,18,590,426x240,2782,10.1,3020767232,885293151,3583622,0.0201294382538872
218,2022-12-04 11:29:23,424.347,18,590,426x240,2782,8.5,3020378112,885293151,3583622,0.0201734251691872
219,2022-12-04 11:29:24,423.55,18,590,426x240,2782,6.5,3016597504,885293151,3583622,0.0201952576497271
220,2022-12-04 11:29:25,422.488,18,590,426x240,2782,9.4,3018174464,885293151,3583622,0.0202172995123322
221,2022-12-04 11:29:26,421.425,18,590,426x240,2782,8.5,3040428032,885293151,3583696,0.0202393412580518
222,2022-12-04 11:29:27,420.362,18,590,426x240,2782,8.1,3031207936,885293151,3583696,0.0202613828868869
223,2022-12-04 11:29:28,419.566,18,590,426x240,2782,7.2,3031810048,885293151,3583696,0.0202832406520332
224,2022-12-04 11:29:29,418.503,18,590,426x240,2782,7.1,3034750976,885293151,3583696,0.0203052818479176
225,2022-12-04 11:29:30,417.441,18,590,426x240,2782,7.7,3028828160,885293151,3583696,0.0203273229269223
226,2022-12-04 11:29:31,416.378,18,590,426x240,2782,7.6,3029204992,885293151,3583696,0.0203493638890484
227,2022-12-04 11:29:32,415.581,18,590,426x240,2782,7.5,3035160576,885293151,3583696,0.0203714047342967
228,2022-12-04 11:29:33,414.519,18,590,426x240,2782,6.4,3034976256,885293151,3583696,0.020393319298841
229,2022-12-04 11:29:34,413.456,18,590,426x240,2782,8.9,3035521024,885293151,3583696,0.0204153597743174
230,2022-12-04 11:29:35,412.394,18,590,426x240,2782,7.2,3033493504,885293151,3583696,0.0204373143380464
231,2022-12-04 11:29:36,411.332,18,590,426x240,2782,6.0,3032870912,885293151,3583911,0.020459354487481
232,2022-12-04 11:29:37,410.535,18,590,426x240,2782,22.9,3050213376,885293151,3584126,0.0204783495024666
233,2022-12-04 11:29:38,409.472,18,590,426x240,2782,5.3,3055751168,885293151,3584341,0.0205218605308733
234,2022-12-04 11:29:39,408.41,18,590,426x240,2782,6.6,3067531264,885293151,3584556,0.0205437284304657
235,2022-12-04 11:29:40,407.347,18,590,426x240,2782,10.3,3078279168,885293151,3584556,0.0205653414575636
236,2022-12-04 11:29:41,406.551,18,590,426x240,2782,19.2,3070435328,885293151,3584556,0.0205858803390485
237,2022-12-04 11:29:42,405.488,18,590,426x240,2782,21.8,3096489984,885293151,3584556,0.0206074948111299
238,2022-12-04 11:29:43,404.426,18,590,426x240,2782,24.6,3164807168,885293151,3584771,0.020627249479957
239,2022-12-04 11:29:44,403.363,18,590,426x240,2782,25.2,3239206912,885293151,3584986,0.0206435670670856
240,2022-12-04 11:29:45,402.566,18,590,426x240,2782,18.0,3284267008,885293151,3585275,0.0206653081140036
241,2022-12-04 11:29:46,401.504,18,590,426x240,2782,25.2,3331522560,885293151,3585490,0.0206867059103265
242,2022-12-04 11:29:47,400.509,18,590,426x240,2782,32.2,3423485952,895695119,3628829,0.0207269714848524
243,2022-12-04 11:29:48,399.488,18,590,426x240,2782,27.3,3443806208,895695119,3628829,0.0207489808166843
244,2022-12-04 11:29:49,398.426,18,590,426x240,2782,18.5,3446878208,906115819,3692556,0.0207702564630041
245,2022-12-04 11:29:50,397.363,18,590,426x240,2782,12.8,3432681472,906115819,3692556,0.0208143326214228
246,2022-12-04 11:29:51,396.567,18,590,426x240,2782,24.9,3443044352,906115819,3692556,0.0208357152411049
247,2022-12-04 11:29:52,395.504,18,590,426x240,2782,25.9,3475234816,906115819,3692556,0.0208562724742888
248,2022-12-04 11:29:53,394.442,18,590,426x240,2782,25.7,3530006528,906115819,3692556,0.020877365779614
249,2022-12-04 11:29:54,393.379,18,590,426x240,2782,24.2,3548487680,906115819,3692771,0.0208986139165348
250,2022-12-04 11:29:55,392.582,18,590,426x240,2782,13.4,3547496448,906115819,3692986,0.0209426764299114
251,2022-12-04 11:29:56,391.458,18,590,426x240,2782,13.5,3548180480,906115819,3692986,0.0209646751843567
252,2022-12-04 11:29:57,390.457,18,590,426x240,2782,12.6,3543228416,906115819,3693201,0.0209864746474117
253,2022-12-04 11:29:58,389.395,18,590,426x240,2782,10.6,3528826880,906115819,3693201,0.021008463630311
254,2022-12-04 11:29:59,388.332,18,590,426x240,2782,7.6,3524661248,906115819,3693201,0.0210304570891508
255,2022-12-04 11:30:00,387.536,18,590,426x240,2782,9.9,3526004736,906115819,3693201,0.0210524225181477
256,2022-12-04 11:30:01,386.474,18,590,426x240,2782,10.3,3524730880,906115819,3693201,0.0210736948211229
257,2022-12-04 11:30:02,385.411,18,590,426x240,2782,12.5,3463454720,906115819,3693201,0.0210956916904379
258,2022-12-04 11:30:03,384.348,18,590,426x240,2782,12.1,3452645376,906115819,3693201,0.0211158385779089
259,2022-12-04 11:30:04,383.552,18,590,426x240,2782,6.5,3453235200,906115819,3693201,0.0211363408713732
260,2022-12-04 11:30:05,382.489,18,590,426x240,2782,9.0,3452493824,906115819,3693201,0.0211579930661792
261,2022-12-04 11:30:06,381.396,18,590,426x240,2782,5.5,3446198272,906115819,3693201,0.0211799855314223
262,2022-12-04 11:30:07,380.364,18,590,426x240,2782,8.3,3446398976,906115819,3693201,0.0212019544627907
263,2022-12-04 11:30:08,379.568,18,590,426x240,2782,8.1,3446460416,906115819,3693271,0.0212127379624878
264,2022-12-04 11:30:09,378.505,18,590,426x240,2782,7.8,3447156736,906115819,3693271,0.0212566330507568
265,2022-12-04 11:30:10,377.443,18,590,426x240,2782,9.8,3439554560,906115819,3693271,0.0212786131195328
266,2022-12-04 11:30:11,376.38,18,590,426x240,2782,8.1,3438424064,906115819,3693271,0.0213002689655081
267,2022-12-04 11:30:12,375.583,18,590,426x240,2782,6.6,3433717760,906115819,3693271,0.0213221731858788
268,2022-12-04 11:30:13,374.521,18,590,426x240,2782,6.1,3431890944,906115819,3693271,0.0213377396059527
269,2022-12-04 11:30:14,373.459,18,590,426x240,2782,6.1,3429990400,906115819,3693271,0.0213597121001777
270,2022-12-04 11:30:15,372.395,18,590,426x240,2782,7.2,3428929536,906115819,3693271,0.0213816326044768
271,2022-12-04 11:30:16,371.333,18,590,426x240,2782,4.7,3423674368,906115819,3693271,0.0214036047549948
272,2022-12-04 11:30:17,370.536,18,590,426x240,2782,6.2,3427753984,906115819,3693271,0.0214255625918494
273,2022-12-04 11:30:18,369.474,18,590,426x240,2782,17.5,3539013632,906115819,3693271,0.0214252621676992
274,2022-12-04 11:30:19,368.412,18,590,426x240,2782,33.1,3718684672,906115819,3693271,0.0214043871082299
275,2022-12-04 11:30:20,367.349,18,590,426x240,2782,55.7,3950317568,906115819,3693271,0.0213851525189077
276,2022-12-04 11:30:21,366.552,18,590,426x240,2782,83.6,4190371840,906115819,3693271,0.0213838459504232
277,2022-12-04 11:30:22,365.49,18,590,426x240,2782,88.4,4363464704,906115819,3693271,0.0213236136650097
278,2022-12-04 11:30:23,364.427,18,590,426x240,2782,89.6,4459937792,906115819,3693271,0.0212873277213517
279,2022-12-04 11:30:24,363.365,18,590,426x240,2782,89.8,4595687424,906115819,3693271,0.0212946447992343
280,2022-12-04 11:30:25,362.568,18,590,426x240,2782,78.5,4644917248,906115819,3693271,0.0212755980179826
281,2022-12-04 11:30:26,361.506,18,590,426x240,2782,37.5,4679241728,906115819,3693271,0.0213029047443434
282,2022-12-04 11:30:27,360.443,18,590,426x240,2782,16.1,4676517888,906115819,3693271,0.0213119811708754
283,2022-12-04 11:30:28,359.381,18,590,426x240,2782,14.9,4651077632,906115819,3693271,0.021328122104366
284,2022-12-04 11:30:29,358.584,18,590,426x240,2782,17.4,4648947712,906115819,3693271,0.0213426359780506
285,2022-12-04 11:30:31,356.459,18,590,426x240,2782,62.1,4707893248,906115819,3693271,0.0213827188202805
286,2022-12-04 11:30:32,355.397,18,590,426x240,2782,86.8,4750880768,906115819,3693271,0.0213978560994177
287,2022-12-04 11:30:33,354.334,18,590,426x240,2782,63.7,4807946240,906115819,3693271,0.0214148990533272
288,2022-12-04 11:30:34,353.537,18,590,426x240,2782,41.0,4799062016,906115819,3693271,0.0214212872635733
289,2022-12-04 11:30:35,352.474,18,590,426x240,2782,87.3,4874141696,906115819,3693271,0.0214034022986519
290,2022-12-04 11:30:36,351.412,18,590,426x240,2782,81.6,4958416896,906115819,3693271,0.0214184312942281
291,2022-12-04 11:30:37,350.35,18,590,426x240,2782,57.7,4960362496,906115819,3693271,0.0214334001876987
292,2022-12-04 11:30:38,349.553,18,590,426x240,2782,10.7,4975972352,906115819,3693271,0.0214702017335839
293,2022-12-04 11:30:39,348.491,18,590,426x240,2782,15.7,4756332544,906115819,3693271,0.0214647826555927
294,2022-12-04 11:30:40,347.428,18,590,426x240,2782,7.6,4760940544,906115819,3693271,0.0214850111847171
295,2022-12-04 11:30:41,346.366,18,590,426x240,2782,24.3,4835356672,906115819,3693271,0.0215049403124665
296,2022-12-04 11:30:42,345.569,18,590,426x240,2782,16.9,4834091008,906115819,3693271,0.0215264263845827
297,2022-12-04 11:30:43,344.506,18,590,426x240,2782,32.0,4763856896,906115819,3693271,0.0215463600454997
298,2022-12-04 11:30:44,343.444,18,590,426x240,2782,13.9,4762857472,906115819,3693271,0.0215672627929993
299,2022-12-04 11:30:45,342.381,18,590,426x240,2782,24.1,4622573568,906115819,3693271,0.021588434292872
300,2022-12-04 11:30:46,341.506,18,590,426x240,2782,15.1,4623994880,906115819,3693271,0.0216097494908121
301,2022-12-04 11:30:47,340.522,18,590,426x240,2782,13.1,4618424320,906115819,3693271,0.0216306163582668
302,2022-12-04 11:30:48,339.46,18,590,426x240,2782,9.9,4595462144,906115819,3693271,0.0216519721517682
303,2022-12-04 11:30:49,338.397,18,590,426x240,2782,17.0,4606238720,906115819,3693271,0.0216724254937593
304,2022-12-04 11:30:50,337.335,18,590,426x240,2782,12.2,4609937408,906115819,3693271,0.0216933024192991
305,2022-12-04 11:30:51,336.538,18,590,426x240,2782,10.3,4607475712,906115819,3693271,0.0217140843761448
306,2022-12-04 11:30:52,335.475,18,590,426x240,2782,20.2,4618420224,906115819,3693271,0.0217346305112813
307,2022-12-04 11:30:53,334.413,18,590,426x240,2782,17.1,4608630784,906115819,3693271,0.0217557094722289
308,2022-12-04 11:30:54,333.35,18,590,426x240,2782,13.3,4533899264,906115819,3693271,0.0217765104759029
309,2022-12-04 11:30:55,332.554,18,590,426x240,2782,21.5,4529909760,906115819,3693271,0.0217955384468124
310,2022-12-04 11:30:56,331.445,18,590,426x240,2782,16.8,4513558528,906115819,3693271,0.0218598837502592
311,2022-12-04 11:30:57,330.429,18,590,426x240,2782,15.3,4512616448,906115819,3693271,0.0218806210560988
312,2022-12-04 11:30:58,329.366,18,590,426x240,2782,9.7,4521009152,906115819,3693271,0.0219019422452681
313,2022-12-04 11:30:59,328.57,18,590,426x240,2782,53.1,4578369536,906115819,3693271,0.0219232771526901
314,2022-12-04 11:31:00,327.507,18,590,426x240,2782,27.6,4558589952,906115819,3693271,0.0219348758277021
315,2022-12-04 11:31:01,326.445,18,590,426x240,2782,36.9,4590047232,906115819,3693271,0.0219560254638183
316,2022-12-04 11:31:02,325.382,18,590,426x240,2782,49.7,4661616640,906115819,3693271,0.021974129986027
317,2022-12-04 11:31:03,324.585,18,590,426x240,2782,81.4,4726140928,906115819,3693271,0.0219930768120593
318,2022-12-04 11:31:04,323.523,18,590,426x240,2782,69.4,4721823744,906115819,3693271,0.0220142523974964
319,2022-12-04 11:31:05,322.46,18,590,426x240,2782,44.3,4722085888,906115819,3693271,0.0220348814542763
320,2022-12-04 11:31:06,321.382,18,590,426x240,2782,13.3,4728438784,906115819,3693271,0.0220778700477183
321,2022-12-04 11:31:07,320.336,18,590,426x240,2782,15.7,4727169024,906115819,3693271,0.022099019113713
322,2022-12-04 11:31:08,319.538,18,590,426x240,2782,20.4,4734062592,906115819,3693271,0.0221203484805668
323,2022-12-04 11:31:09,318.476,18,590,426x240,2782,15.6,4725977088,906115819,3693271,0.022141429457578
324,2022-12-04 11:31:10,317.413,18,590,426x240,2782,23.9,4723949568,906115819,3693271,0.0221628389282835
325,2022-12-04 11:31:11,316.351,18,590,426x240,2782,19.5,4701888512,906115819,3693271,0.0221837512421823
326,2022-12-04 11:31:12,315.554,18,590,426x240,2782,16.7,4696268800,906115819,3693271,0.0222050258308416
327,2022-12-04 11:31:13,314.492,18,590,426x240,2782,21.8,4681621504,906115819,3693271,0.0222256441291025
328,2022-12-04 11:31:14,313.429,18,590,426x240,2782,18.8,4679237632,906115819,3693271,0.0222467973118632
329,2022-12-04 11:31:15,312.367,18,590,426x240,2782,15.1,4684267520,906115819,3693271,0.0222679593568823
330,2022-12-04 11:31:16,311.506,18,590,426x240,2782,20.0,4684976128,906115819,3693271,0.0222885207011904
331,2022-12-04 11:31:17,310.508,18,590,426x240,2782,14.4,4682452992,906115819,3693271,0.0223095990926281
332,2022-12-04 11:31:18,309.445,18,590,426x240,2782,22.5,4662276096,906115819,3693271,0.022331042086585
333,2022-12-04 11:31:19,308.383,18,590,426x240,2782,19.8,4662411264,906115819,3693271,0.0223521864766687
334,2022-12-04 11:31:20,307.585,18,590,426x240,2782,17.0,4666269696,906115819,3693271,0.022373633652529
335,2022-12-04 11:31:21,306.523,18,590,426x240,2782,9.9,4666863616,906115819,3693271,0.0223948732966976
336,2022-12-04 11:31:22,305.46,18,590,426x240,2782,15.9,4658900992,906115819,3693271,0.0224159096541942
337,2022-12-04 11:31:23,304.398,18,590,426x240,2782,13.7,4651405312,906115819,3693271,0.0224373509111244
338,2022-12-04 11:31:24,303.335,18,590,426x240,2782,14.2,4634787840,906115819,3693271,0.022458796828637
339,2022-12-04 11:31:25,302.539,18,590,426x240,2782,12.3,4638605312,906115819,3693271,0.0224799376246328
340,2022-12-04 11:31:26,301.477,18,590,426x240,2782,15.3,4637925376,906115819,3693271,0.022499207683404
341,2022-12-04 11:31:27,300.414,18,590,426x240,2782,15.5,4638838784,906115819,3693271,0.0225418752471909
342,2022-12-04 11:31:28,299.351,18,590,426x240,2782,13.3,4639473664,906115819,3693271,0.0225627105565927
343,2022-12-04 11:31:29,298.554,18,590,426x240,2782,6.8,4635594752,906115819,3693271,0.0225835287818624
344,2022-12-04 11:31:30,297.492,18,590,426x240,2782,18.5,4630220800,906115819,3693271,0.0226049698102554
345,2022-12-04 11:31:31,296.43,18,590,426x240,2782,19.9,4635099136,906115819,3693271,0.0226254462323007
346,2022-12-04 11:31:32,295.367,18,590,426x240,2782,18.3,4630302720,906115819,3693271,0.0226466568814595
347,2022-12-04 11:31:33,294.57,18,590,426x240,2782,17.0,4629200896,906115819,3693271,0.0226677644638446
348,2022-12-04 11:31:34,293.508,18,590,426x240,2782,14.6,4625829888,906115819,3693271,0.0226892033888499
349,2022-12-04 11:31:35,292.445,18,590,426x240,2782,8.3,4626595840,906115819,3693271,0.0227106372588669
350,2022-12-04 11:31:36,291.383,18,590,426x240,2782,6.3,4625461248,906115819,3693486,0.0227317675644477
351,2022-12-04 11:31:37,290.586,18,590,426x240,2782,15.1,4611919872,906115819,3693701,0.0227532056968903
352,2022-12-04 11:31:38,289.524,18,590,426x240,2782,9.8,4611854336,906115819,3693916,0.0227746387607023
353,2022-12-04 11:31:39,288.462,18,590,426x240,2782,10.9,4616888320,906115819,3694131,0.0227960765562856
354,2022-12-04 11:31:40,287.399,18,590,426x240,2782,14.5,4615999488,906115819,3694131,0.0228165466241869
355,2022-12-04 11:31:41,286.336,18,590,426x240,2782,13.4,4616916992,906115819,3694131,0.0228379536870622
356,2022-12-04 11:31:42,285.54,18,590,426x240,2782,31.8,4590456832,906115819,3694131,0.0228593900514191
357,2022-12-04 11:31:43,284.477,18,590,426x240,2782,29.7,4586770432,906115819,3694346,0.0228802155604729
358,2022-12-04 11:31:44,283.415,18,590,426x240,2782,8.4,4584837120,906115819,3694346,0.0229014982132149
359,2022-12-04 11:31:45,282.352,18,590,426x240,2782,10.7,4579950592,906115819,3694561,0.0229228445571239
360,2022-12-04 11:31:46,281.492,18,590,426x240,2782,10.3,4580388864,906115819,3694776,0.022944121432516
361,2022-12-04 11:31:47,280.493,18,590,426x240,2782,8.4,4580900864,906115819,3694776,0.0229655560244685
362,2022-12-04 11:31:48,279.43,18,590,426x240,2782,11.8,4577632256,906115819,3694776,0.0229869904503367
363,2022-12-04 11:31:49,278.368,18,590,426x240,2782,21.1,4531040256,906115819,3694776,0.0230084247101226
364,2022-12-04 11:31:50,277.571,18,590,426x240,2782,9.8,4532682752,906115819,3694776,0.0230293631374903
365,2022-12-04 11:31:51,276.509,18,590,426x240,2782,10.8,4533194752,906115819,3694776,0.0230481129357533
366,2022-12-04 11:31:52,275.446,18,590,426x240,2782,10.2,4533489664,906115819,3694776,0.0230690770911206
367,2022-12-04 11:31:53,274.384,18,590,426x240,2782,12.3,4531417088,906115819,3694776,0.0230901296743188
368,2022-12-04 11:31:54,273.587,18,590,426x240,2782,16.4,4531212288,906115819,3694991,0.0231115345117454
369,2022-12-04 11:31:55,272.525,18,590,426x240,2782,10.9,4535586816,906115819,3695206,0.0231329291813347
370,2022-12-04 11:31:56,271.431,18,590,426x240,2782,13.8,4575993856,906115819,3695495,0.0231541043904733
371,2022-12-04 11:31:57,270.399,18,590,426x240,2782,8.7,4573196288,906115819,3695710,0.0231751443241796
372,2022-12-04 11:31:58,269.337,18,590,426x240,2782,7.6,4576272384,906115819,3695710,0.0231965627341947
373,2022-12-04 11:31:59,268.54,18,590,426x240,2782,10.3,4577353728,906115819,3695710,0.0232179759638001
374,2022-12-04 11:32:00,267.478,18,590,426x240,2782,7.0,4565827584,906115819,3695710,0.0232393940005245
375,2022-12-04 11:32:01,266.415,18,590,426x240,2782,7.1,4566142976,906115819,3695710,0.0232815381866984
376,2022-12-04 11:32:02,265.353,18,590,426x240,2782,8.3,4570116096,906115819,3695710,0.0233029149246186
377,2022-12-04 11:32:03,264.556,18,590,426x240,2782,11.8,4552896512,906115819,3695710,0.0233243265356226
378,2022-12-04 11:32:04,263.494,18,590,426x240,2782,8.8,4544851968,906115819,3695710,0.0233457379531285
379,2022-12-04 11:32:05,262.431,18,590,426x240,2782,9.2,4539760640,906115819,3695710,0.0233671441492979
380,2022-12-04 11:32:06,261.369,18,590,426x240,2782,16.9,4521222144,906115819,3695710,0.0233881123302849
381,2022-12-04 11:32:07,260.572,18,590,426x240,2782,14.3,4531863552,906115819,3695710,0.0234063046753286
382,2022-12-04 11:32:08,259.509,18,590,426x240,2782,13.4,4528001024,906115819,3695710,0.0234458103062942
383,2022-12-04 11:32:09,258.446,18,590,426x240,2782,13.5,4542775296,906115819,3695710,0.0234665264841045
384,2022-12-04 11:32:10,257.385,18,590,426x240,2782,12.9,4545212416,906115819,3695710,0.023487914424838
385,2022-12-04 11:32:11,256.587,18,590,426x240,2782,14.0,4543143936,906115819,3695710,0.0235082554734391
386,2022-12-04 11:32:12,255.525,18,590,426x240,2782,13.8,4562677760,906115819,3695710,0.0235293029616058
387,2022-12-04 11:32:13,254.462,18,590,426x240,2782,29.3,4600049664,906115819,3695710,0.0235424964097692
388,2022-12-04 11:32:14,253.4,18,590,426x240,2782,12.6,4602949632,906115819,3695710,0.0235638900155433
389,2022-12-04 11:32:15,252.337,18,590,426x240,2782,22.7,4644405248,906115819,3695784,0.0235845684685069
390,2022-12-04 11:32:16,251.513,18,590,426x240,2782,17.2,4642353152,906115819,3695784,0.0236051033889554
391,2022-12-04 11:32:17,250.478,18,590,426x240,2782,11.0,4660383744,910870959,3717045,0.0236264442040236
392,2022-12-04 11:32:18,249.415,18,590,426x240,2782,15.5,4629667840,916534505,3733973,0.0236475457985781
393,2022-12-04 11:32:19,248.354,18,590,426x240,2782,18.8,4620771328,916534505,3733973,0.0236684635136446
394,2022-12-04 11:32:20,247.555,18,590,426x240,2782,20.8,4628500480,916534505,3733973,0.0236894565903068
395,2022-12-04 11:32:21,246.494,18,590,426x240,2782,17.9,4637208576,916534505,3733973,0.0237094447314679
396,2022-12-04 11:32:22,245.431,18,590,426x240,2782,16.2,4634505216,916534505,3733973,0.0237304249519399
397,2022-12-04 11:32:23,244.369,18,590,426x240,2782,8.7,4631379968,916534505,3733973,0.0237516391049135
398,2022-12-04 11:32:24,243.572,18,590,426x240,2782,13.5,4624101376,916534505,3733973,0.0237730162723717
399,2022-12-04 11:32:25,242.509,18,590,426x240,2782,12.4,4623536128,916534505,3733973,0.0237935289124154
400,2022-12-04 11:32:26,241.447,18,590,426x240,2782,20.9,4589350912,916534505,3733973,0.0238147103766904
401,2022-12-04 11:32:27,240.384,18,590,426x240,2782,16.5,4595027968,916534505,3733973,0.0238359373933736
402,2022-12-04 11:32:28,239.588,18,590,426x240,2782,6.9,4602015744,916534505,3733973,0.0238573177647498
403,2022-12-04 11:32:29,238.526,18,590,426x240,2782,10.7,4062875648,916534505,3733973,0.0238782360409841
404,2022-12-04 11:32:30,237.463,18,590,426x240,2782,14.5,3656024064,916534505,3733973,0.0238959588860572
405,2022-12-04 11:32:31,236.401,18,590,426x240,2782,11.1,3372376064,916534505,3733973,0.0239172938688672
406,2022-12-04 11:32:32,235.338,18,590,426x240,2782,11.7,3368878080,916534505,3733973,0.0239383405078516
407,2022-12-04 11:32:33,234.541,18,590,426x240,2782,16.3,3347677184,916534505,3733973,0.023958480275993
408,2022-12-04 11:32:34,233.479,18,590,426x240,2782,13.9,3353137152,916534505,3733973,0.0239798594965024
409,2022-12-04 11:32:35,232.416,18,590,426x240,2782,13.1,3230814208,916534505,3733973,0.0240008517401638
410,2022-12-04 11:32:36,231.354,18,590,426x240,2782,19.1,3235274752,916534505,3733973,0.0240218121492141
411,2022-12-04 11:32:37,230.557,18,590,426x240,2782,10.1,3226005504,916534505,3733973,0.0240397035361028
412,2022-12-04 11:32:38,229.495,18,590,426x240,2782,10.4,3228028928,916534505,3733973,0.0240607628787113
413,2022-12-04 11:32:39,228.432,18,590,426x240,2782,16.4,3234877440,916534505,3733973,0.0240821318852259
414,2022-12-04 11:32:40,227.369,18,590,426x240,2782,10.6,3233783808,916534505,3733973,0.024103505867818
415,2022-12-04 11:32:41,226.573,18,590,426x240,2782,8.9,3234705408,916534505,3733973,0.0241246775365202
416,2022-12-04 11:32:42,225.51,18,590,426x240,2782,7.0,3231358976,916534505,3733973,0.0241429079724543
417,2022-12-04 11:32:43,224.448,18,590,426x240,2782,8.5,3240861696,916534505,3733973,0.0241634843357796
418,2022-12-04 11:32:44,223.385,18,590,426x240,2782,11.3,3221864448,916534505,3733973,0.024184853902326
419,2022-12-04 11:32:45,222.588,18,590,426x240,2782,10.8,3215880192,916534505,3733973,0.0242062232760986
420,2022-12-04 11:32:46,221.479,18,590,426x240,2782,8.7,3219922944,916534505,3733973,0.0242275924570999
421,2022-12-04 11:32:47,220.464,18,590,426x240,2782,22.1,3225067520,916534505,3733973,0.0242468522850188
422,2022-12-04 11:32:48,219.401,18,590,426x240,2782,21.2,3258408960,916534505,3733973,0.0242682035956242
423,2022-12-04 11:32:49,218.338,18,590,426x240,2782,19.0,3258609664,916534505,3733973,0.0242889339423677
424,2022-12-04 11:32:50,217.542,18,590,426x240,2782,10.9,3253231616,916534505,3733973,0.0243101589727626
425,2022-12-04 11:32:51,216.48,18,590,426x240,2782,14.4,3258683392,916534505,3733973,0.0243315089712507
426,2022-12-04 11:32:52,215.417,18,590,426x240,2782,17.6,3260469248,916534505,3733973,0.024352560653499
427,2022-12-04 11:32:53,214.355,18,590,426x240,2782,18.7,3266228224,916534505,3733973,0.0243729416540766
428,2022-12-04 11:32:54,213.558,18,590,426x240,2782,25.9,3263483904,916534505,3733973,0.024393457013457
429,2022-12-04 11:32:55,212.495,18,590,426x240,2782,18.6,3264479232,916534505,3733973,0.0244147885764127
430,2022-12-04 11:32:56,211.417,18,590,426x240,2782,7.8,3272302592,916534505,3733973,0.0244361461277243
431,2022-12-04 11:32:57,210.37,18,590,426x240,2782,7.1,3274199040,916534505,3733973,0.0244567997687018
432,2022-12-04 11:32:58,209.574,18,590,426x240,2782,7.7,3262009344,916534505,3733973,0.0244781510493021
433,2022-12-04 11:32:59,208.511,18,590,426x240,2782,6.8,3259658240,916534505,3733973,0.0244994968584924
434,2022-12-04 11:33:00,207.449,18,590,426x240,2782,10.2,3252248576,916534505,3733973,0.0245208477127599
435,2022-12-04 11:33:01,206.385,18,590,426x240,2782,10.0,3255148544,916534505,3733973,0.024542198356145
436,2022-12-04 11:33:02,205.589,18,590,426x240,2782,9.9,3258073088,916534505,3733973,0.0245635487886509
437,2022-12-04 11:33:03,204.526,18,590,426x240,2782,19.2,3239514112,916534505,3733973,0.0245784289618468
438,2022-12-04 11:33:04,203.464,18,590,426x240,2782,11.1,3239727104,916534571,3734039,0.0246212338715623
439,2022-12-04 11:33:05,202.401,18,590,426x240,2782,18.8,3237130240,916534571,3734039,0.0246640383402368
440,2022-12-04 11:33:06,201.339,18,590,426x240,2782,8.2,3238383616,916534571,3734039,0.0246853821216656
441,2022-12-04 11:33:07,200.542,18,590,426x240,2782,13.7,3226951680,916534571,3734039,0.0247067044787287
442,2022-12-04 11:33:08,199.48,18,590,426x240,2782,19.5,3227213824,916534571,3734039,0.0247270977331025
443,2022-12-04 11:33:09,198.417,18,590,426x240,2782,25.0,3235655680,916534655,3734123,0.0247481531985807
444,2022-12-04 11:33:10,197.355,18,590,426x240,2782,19.3,3242164224,916534655,3734123,0.0247693249296494
445,2022-12-04 11:33:11,196.558,18,590,426x240,2782,20.9,3255922688,916534655,3734123,0.0247906504691067
446,2022-12-04 11:33:12,195.495,18,590,426x240,2782,11.0,3252215808,916534655,3734123,0.0248119544683464
447,2022-12-04 11:33:13,194.433,18,590,426x240,2782,12.0,3267194880,916534655,3734123,0.0248324000793692
448,2022-12-04 11:33:14,193.37,18,590,426x240,2782,11.0,3244523520,916534655,3734123,0.0248537294705887
449,2022-12-04 11:33:15,192.573,18,590,426x240,2782,22.3,3221835776,916534655,3734123,0.0248610921334056
450,2022-12-04 11:33:16,191.512,18,590,426x240,2782,22.8,3177832448,916534655,3734123,0.0248791698078405
451,2022-12-04 11:33:17,190.449,18,590,426x240,2782,23.1,3222360064,916534655,3734123,0.024892998699389
452,2022-12-04 11:33:18,189.386,18,590,426x240,2782,27.9,3272159232,916534655,3734123,0.0249065094941599
453,2022-12-04 11:33:19,188.59,18,590,426x240,2782,22.4,3290689536,916534655,3734123,0.0249194350166272
454,2022-12-04 11:33:20,187.527,18,590,426x240,2782,9.0,3294310400,916534655,3734123,0.0249400068563592
455,2022-12-04 11:33:21,186.464,18,590,426x240,2782,15.9,3279028224,916534655,3734123,0.0249606361127055
456,2022-12-04 11:33:22,185.402,18,590,426x240,2782,13.9,3280789504,916534655,3734123,0.0249807395498667
457,2022-12-04 11:33:23,184.34,18,590,426x240,2782,13.9,3276779520,916534655,3734123,0.0250017889026335
458,2022-12-04 11:33:24,183.543,18,590,426x240,2782,13.9,3260428288,916534655,3734123,0.0250229019539287
459,2022-12-04 11:33:25,182.48,18,590,426x240,2782,6.6,3253870592,916534655,3734123,0.0250435423437242
460,2022-12-04 11:33:26,181.418,18,590,426x240,2782,7.8,3251929088,916534655,3734123,0.0250646969099727
461,2022-12-04 11:33:27,180.355,18,590,426x240,2782,14.6,3248553984,916534655,3734123,0.0250854855937333
462,2022-12-04 11:33:28,179.559,18,590,426x240,2782,10.1,3258605568,916534655,3734123,0.0251067787874282
463,2022-12-04 11:33:29,178.496,18,590,426x240,2782,13.9,3266748416,916534655,3734123,0.025128071762174
464,2022-12-04 11:33:30,177.434,18,590,426x240,2782,10.6,3261030400,916534655,3734123,0.025149364517974
465,2022-12-04 11:33:31,176.371,18,590,426x240,2782,9.8,3266732032,916534655,3734123,0.0251703658892915
466,2022-12-04 11:33:32,175.574,18,590,426x240,2782,17.4,3267403776,916534655,3734123,0.0251916579624061
467,2022-12-04 11:33:33,174.512,18,590,426x240,2782,9.7,3239772160,916534655,3734123,0.0252069723727727
468,2022-12-04 11:33:34,173.45,18,590,426x240,2782,13.3,3217035264,916534655,3734123,0.0252277673340246
469,2022-12-04 11:33:35,172.387,18,590,426x240,2782,10.1,3212570624,916534655,3734338,0.0252490533211178
470,2022-12-04 11:33:36,171.514,18,590,426x240,2782,7.4,3227332608,916534655,3734627,0.0252703390894026
471,2022-12-04 11:33:37,170.528,18,590,426x240,2782,9.0,3195719680,916534655,3734842,0.0252916246388822
472,2022-12-04 11:33:38,169.465,18,590,426x240,2782,6.1,3199041536,916534655,3735057,0.0253125901439798
473,2022-12-04 11:33:39,168.403,18,590,426x240,2782,8.2,3176607744,916534655,3735057,0.0253334898027885
474,2022-12-04 11:33:40,167.34,18,590,426x240,2782,7.4,3166523392,916534655,3735057,0.0253540248443746
475,2022-12-04 11:33:41,166.543,18,590,426x240,2782,6.7,3165597696,916534655,3735057,0.0253753083046424
476,2022-12-04 11:33:42,165.481,18,590,426x240,2782,6.6,3163099136,916534655,3735057,0.0253961619247292
477,2022-12-04 11:33:43,164.418,18,590,426x240,2782,6.8,3155410944,916534655,3735272,0.0254160567812266
478,2022-12-04 11:33:44,163.356,18,590,426x240,2782,7.3,3155365888,916534655,3735487,0.0254372400337621
479,2022-12-04 11:33:45,162.559,18,590,426x240,2782,7.1,3155161088,916534655,3735702,0.0254585155736955
480,2022-12-04 11:33:46,161.465,18,590,426x240,2782,8.2,3153960960,916534655,3735917,0.0254797963414866
481,2022-12-04 11:33:47,160.434,18,590,426x240,2782,7.4,3152584704,916534655,3735917,0.0255006946851713
482,2022-12-04 11:33:48,159.372,18,590,426x240,2782,7.9,3152400384,916534655,3735917,0.0255219746985591
483,2022-12-04 11:33:49,158.575,18,590,426x240,2782,9.6,3152101376,916534721,3735983,0.0255372399530868
484,2022-12-04 11:33:50,157.512,18,590,426x240,2782,8.2,3152773120,916534721,3735983,0.0255574696307052
485,2022-12-04 11:33:51,156.45,18,590,426x240,2782,8.2,3155308544,916534721,3735983,0.0255787431440406
486,2022-12-04 11:33:52,155.387,18,590,426x240,2782,7.2,3154845696,916534721,3735983,0.0256000164388065
487,2022-12-04 11:33:53,154.591,18,590,426x240,2782,7.7,3158405120,916534721,3735983,0.0256204888569066
488,2022-12-04 11:33:54,153.528,18,590,426x240,2782,8.7,3134615552,916534763,3736356,0.0256414262711608
489,2022-12-04 11:33:55,152.465,18,590,426x240,2782,7.4,3138535424,916534805,3736613,0.0256626924808953
490,2022-12-04 11:33:56,151.403,18,590,426x240,2782,7.9,3138756608,916534805,3736828,0.0256839584630462
491,2022-12-04 11:33:57,150.34,18,590,426x240,2782,7.8,3140431872,916534945,3737582,0.0257047345723971
492,2022-12-04 11:33:58,149.544,18,590,426x240,2782,7.2,3138613248,916534945,3737582,0.0257260052029882
493,2022-12-04 11:33:59,148.481,18,590,426x240,2782,7.6,3143192576,926893815,3748252,0.025743947657825
494,2022-12-04 11:34:00,147.419,18,590,426x240,2782,7.3,3144945664,926893815,3748252,0.0257652040918739
495,2022-12-04 11:34:01,146.356,18,590,426x240,2782,7.7,3148853248,926893815,3748252,0.0257864602893861
496,2022-12-04 11:34:02,145.559,18,590,426x240,2782,7.3,3096055808,926893815,3748252,0.0258074566858432
497,2022-12-04 11:34:03,144.497,18,590,426x240,2782,6.5,3084087296,926893815,3748252,0.025828712197957
498,2022-12-04 11:34:04,143.434,18,590,426x240,2782,6.9,3082989568,926893815,3748252,0.0258466876335795
499,2022-12-04 11:34:05,142.372,18,590,426x240,2782,6.5,3083575296,926893815,3748252,0.0258679399940818
500,2022-12-04 11:34:06,141.341,18,590,426x240,2782,7.2,3084308480,926893815,3748252,0.0258891921181317
501,2022-12-04 11:34:07,140.513,18,590,426x240,2782,6.2,3084812288,926893815,3748252,0.0259102278003264
502,2022-12-04 11:34:08,139.45,18,590,426x240,2782,6.7,3086479360,926893815,3748252,0.0259314681789647
503,2022-12-04 11:34:09,138.388,18,590,426x240,2782,6.2,3093118976,926893815,3748252,0.0259508149689777
504,2022-12-04 11:34:10,137.591,18,590,426x240,2782,7.1,3084730368,926893815,3748252,0.0259934526450637
505,2022-12-04 11:34:11,136.528,18,590,426x240,2782,6.7,3048308736,926893815,3748252,0.0260143455423905
506,2022-12-04 11:34:12,135.466,18,590,426x240,2782,6.5,3047694336,926893815,3748252,0.0260355885315906
507,2022-12-04 11:34:13,134.403,18,590,426x240,2782,5.6,3047391232,926893815,3748252,0.0260568312753856
508,2022-12-04 11:34:14,133.341,18,590,426x240,2782,6.6,3047145472,926893815,3748252,0.0260778729355106
509,2022-12-04 11:34:15,132.544,18,590,426x240,2782,5.7,3046027264,926893815,3748252,0.0260991150260734
510,2022-12-04 11:34:16,131.481,18,590,426x240,2782,6.3,3046793216,926893815,3748252,0.0261201054216867
511,2022-12-04 11:34:17,130.419,18,590,426x240,2782,7.0,3048112128,926893815,3748252,0.0261413412262214
512,2022-12-04 11:34:18,129.357,18,590,426x240,2782,6.6,3046522880,926893815,3748252,0.0261603718494719
513,2022-12-04 11:34:19,128.56,18,590,426x240,2782,5.9,3045871616,926893815,3748252,0.0261815997684725
514,2022-12-04 11:34:20,127.497,18,590,426x240,2782,6.9,3042955264,926893815,3748252,0.0262028386337219
515,2022-12-04 11:34:21,126.435,18,590,426x240,2782,5.7,3043176448,926893815,3748252,0.0262236902165101
516,2022-12-04 11:34:22,125.372,18,590,426x240,2782,6.0,3042131968,926893815,3748252,0.0262449282799048
517,2022-12-04 11:34:23,124.576,18,590,426x240,2782,6.2,3042131968,926893815,3748252,0.0262659413730499
518,2022-12-04 11:34:24,123.513,18,590,426x240,2782,7.0,3042361344,926893815,3748252,0.0262871787654351
519,2022-12-04 11:34:25,122.451,18,590,426x240,2782,5.4,3038916608,926893815,3748252,0.0263049500783374
520,2022-12-04 11:34:26,121.388,18,590,426x240,2782,6.0,3039408128,926893815,3748252,0.0263475645825429
521,2022-12-04 11:34:27,120.591,18,590,426x240,2782,5.8,3039342592,926893815,3748252,0.0263687983334406
522,2022-12-04 11:34:28,119.529,18,590,426x240,2782,7.0,3039551488,926893815,3748252,0.0263900318391243
523,2022-12-04 11:34:29,118.467,18,590,426x240,2782,10.9,3040862208,926893815,3748252,0.0264112594513814
524,2022-12-04 11:34:30,117.404,18,590,426x240,2782,6.4,3041505280,926893815,3748252,0.0264322776603841
525,2022-12-04 11:34:31,116.341,18,590,426x240,2782,6.1,3040288768,926893815,3748252,0.026453510254638
526,2022-12-04 11:34:32,115.545,18,590,426x240,2782,6.9,3040452608,926893815,3748252,0.0264747426036989
527,2022-12-04 11:34:33,114.482,18,590,426x240,2782,6.6,3040440320,926893815,3748252,0.0264959747075712
528,2022-12-04 11:34:34,113.419,18,590,426x240,2782,7.2,3042697216,926893815,3748252,0.0265172065662591
529,2022-12-04 11:34:35,112.357,18,590,426x240,2782,7.1,3042803712,926893815,3748252,0.026538262250637
530,2022-12-04 11:34:36,111.513,18,590,426x240,2782,18.9,3156643840,926893815,3748252,0.026559493479238
531,2022-12-04 11:34:37,110.498,18,590,426x240,2782,19.5,3104010240,926893815,3748252,0.0265807187785614
532,2022-12-04 11:34:38,109.435,18,590,426x240,2782,20.3,3073200128,926893815,3748252,0.0266019324464882
533,2022-12-04 11:34:39,108.373,18,590,426x240,2782,20.8,3104813056,926893815,3748252,0.0266231629215681
534,2022-12-04 11:34:40,107.576,18,590,426x240,2782,19.2,3071291392,926893815,3748252,0.0266438917702022
535,2022-12-04 11:34:41,106.514,18,590,426x240,2782,21.1,3059474432,926893815,3748252,0.0266651099545538
536,2022-12-04 11:34:42,105.451,18,590,426x240,2782,19.5,3103531008,926893815,3748252,0.0266863335821634
537,2022-12-04 11:34:43,104.388,18,590,426x240,2782,20.8,3079745536,926893815,3748252,0.026707562666548
538,2022-12-04 11:34:44,103.592,18,590,426x240,2782,19.9,3121147904,926893815,3748252,0.0267282485513289
539,2022-12-04 11:34:45,102.529,18,590,426x240,2782,20.2,3070771200,926893815,3748252,0.0267494767173709
540,2022-12-04 11:34:46,101.452,18,590,426x240,2782,13.7,3050352640,926893815,3748252,0.0267707046383025
541,2022-12-04 11:34:47,100.404,18,590,426x240,2782,20.2,3100499968,926893815,3748252,0.026791926585417
542,2022-12-04 11:34:48,99.342,18,590,426x240,2782,20.4,3065417728,926893815,3748252,0.0268131540116348
543,2022-12-04 11:34:49,98.545,18,590,426x240,2782,20.5,3096768512,926893815,3748252,0.0268338590702826
544,2022-12-04 11:34:50,97.482,18,590,426x240,2782,21.9,3067449344,926893815,3748252,0.026855085596309
545,2022-12-04 11:34:51,96.42,18,590,426x240,2782,19.9,3105050624,926893815,3748252,0.0268763061307484
546,2022-12-04 11:34:52,95.357,18,590,426x240,2782,20.9,3064758272,926893815,3748252,0.0268969743255765
547,2022-12-04 11:34:53,94.561,18,590,426x240,2782,19.1,3076628480,926893815,3748252,0.0269181996748863
548,2022-12-04 11:34:54,93.499,18,590,426x240,2782,12.0,3115450368,926893815,3748252,0.0269389294469437
549,2022-12-04 11:34:55,92.436,18,590,426x240,2782,17.5,3149824000,926893815,3748252,0.0269568284575178
550,2022-12-04 11:34:56,91.373,18,590,426x240,2782,20.1,3116990464,926893815,3748252,0.0269780500855409
551,2022-12-04 11:34:57,90.576,18,590,426x240,2782,20.5,3114033152,935065919,3784221,0.0269992656969305
552,2022-12-04 11:34:58,89.514,18,590,426x240,2782,17.8,3160096768,944824309,3808915,0.0270204868305054
553,2022-12-04 11:34:59,88.451,18,590,426x240,2782,20.3,3232059392,955016753,3859757,0.0270410949826477
554,2022-12-04 11:35:00,87.389,18,590,426x240,2782,22.2,3218317312,966521991,3898945,0.0270618812881198
555,2022-12-04 11:35:01,86.592,18,590,426x240,2782,22.9,3246522368,975904191,3938055,0.0270830950826119
556,2022-12-04 11:35:02,85.53,18,590,426x240,2782,20.9,3221688320,985216415,3968573,0.0271043144168874
557,2022-12-04 11:35:03,84.467,18,590,426x240,2782,20.7,3234734080,989702975,3989545,0.0271255219097906
558,2022-12-04 11:35:04,83.405,18,590,426x240,2782,19.6,3201531904,997520969,4029107,0.0271461778929649
559,2022-12-04 11:35:05,82.342,18,590,426x240,2782,20.0,3225559040,1000456723,4053533,0.0271672276453366
560,2022-12-04 11:35:06,81.517,18,590,426x240,2782,14.9,3255013376,1011942093,4098407,0.027188433800866
561,2022-12-04 11:35:07,80.483,18,590,426x240,2782,16.7,3196719104,1013149699,4106015,0.0272096396934993
562,2022-12-04 11:35:08,79.42,18,590,426x240,2782,20.6,3248644096,1028007961,4155571,0.0272308453232412
563,2022-12-04 11:35:09,78.358,18,590,426x240,2782,22.4,3183411200,1044234357,4189061,0.0272520506900967
564,2022-12-04 11:35:10,77.562,18,590,426x240,2782,22.0,3112505344,1049638459,4214147,0.0272726320633391
565,2022-12-04 11:35:11,76.498,18,590,426x240,2782,19.8,3145662464,1066804043,4265971,0.0272863189559147
566,2022-12-04 11:35:12,75.437,18,590,426x240,2782,22.1,3159289856,1077786923,4315028,0.0273288788044352
567,2022-12-04 11:35:13,74.374,18,590,426x240,2782,21.3,3219111936,1082162703,4333404,0.0273495098561864
568,2022-12-04 11:35:14,73.411,18,590,426x240,2782,9.5,3213848576,1092037167,4364536,0.0273920678810483
569,2022-12-04 11:35:15,72.342,18,590,426x240,2782,7.8,3162402816,1103728449,4412310,0.0274346077748481
570,2022-12-04 11:35:16,71.452,18,590,426x240,2782,6.4,3162972160,1113729855,4447026,0.0274552879418725
571,2022-12-04 11:35:17,70.389,18,590,426x240,2782,7.5,3174719488,1129198203,4504502,0.0274764719355401
572,2022-12-04 11:35:18,69.592,18,590,426x240,2782,4.8,3175432192,1129210051,4504744,0.0274976615236567
573,2022-12-04 11:35:19,68.531,18,590,426x240,2782,7.7,3186397184,1139648233,4550828,0.0275188508401368
574,2022-12-04 11:35:20,67.452,18,590,426x240,2782,8.5,3197063168,1155732353,4603230,0.0275400398849856
575,2022-12-04 11:35:21,66.389,18,590,426x240,2782,7.4,3167887360,1170842299,4655334,0.027560887127271
576,2022-12-04 11:35:22,65.592,18,590,426x240,2782,8.6,3165601792,1173645719,4668238,0.0275820753685016
577,2022-12-04 11:35:23,64.53,18,590,426x240,2782,11.0,3133882368,1177808977,4675830,0.027603257440755
578,2022-12-04 11:35:24,63.468,18,590,426x240,2782,10.4,3156828160,1189225659,4706028,0.0276239906988549
579,2022-12-04 11:35:25,62.405,18,590,426x240,2782,13.8,3161214976,1197344519,4752916,0.0276451777751571
580,2022-12-04 11:35:26,61.343,18,590,426x240,2782,11.8,3193384960,1215416105,4806700,0.027666364579875
581,2022-12-04 11:35:27,60.468,18,590,426x240,2782,13.6,3206418432,1219577709,4827548,0.0276872021249073
582,2022-12-04 11:35:28,59.39,18,590,426x240,2782,16.2,3224887296,1228549467,4860750,0.0277083881216682
583,2022-12-04 11:35:29,58.414,18,590,426x240,2782,15.5,3203862528,1238570257,4910840,0.0277291295574148
584,2022-12-04 11:35:30,57.358,18,590,426x240,2782,7.4,3217956864,1246033999,4943082,0.0277503146744689
585,2022-12-04 11:35:31,56.515,18,590,426x240,2782,5.9,3223646208,1253459995,4974640,0.0277714995199803
586,2022-12-04 11:35:32,55.437,18,590,426x240,2782,7.8,3233255424,1265306625,5046602,0.0277926840939542
587,2022-12-04 11:35:33,54.421,18,590,426x240,2782,7.7,3241328640,1274606427,5082660,0.0278138624546823
588,2022-12-04 11:35:34,53.358,18,590,426x240,2782,7.4,3257147392,1285270985,5132968,0.0278346659295357
589,2022-12-04 11:35:35,52.562,18,590,426x240,2782,5.7,3253121024,1288635647,5152265,0.0278558493972647
590,2022-12-04 11:35:36,51.484,18,590,426x240,2782,6.6,3256832000,1296999575,5181688,0.0278770325934847
591,2022-12-04 11:35:37,50.421,18,590,426x240,2782,5.7,3256803328,1303329855,5214507,0.0278982155182008
592,2022-12-04 11:35:38,49.359,18,590,426x240,2782,7.9,3282620416,1326949879,5321548,0.0279186228749431
593,2022-12-04 11:35:39,48.562,18,590,426x240,2782,5.8,3298402304,1332305685,5341394,0.0279398046734236
594,2022-12-04 11:35:40,47.499,18,590,426x240,2782,8.0,3236831232,1351537507,5410052,0.0279607771600821
595,2022-12-04 11:35:41,46.437,18,590,426x240,2782,6.2,3240554496,1354618987,5429586,0.0279770519832846
596,2022-12-04 11:35:42,45.374,18,590,426x240,2782,6.5,3240333312,1358970973,5453300,0.0279974279098265
597,2022-12-04 11:35:43,44.577,18,590,426x240,2782,7.5,3247144960,1370981987,5511741,0.0280186041823319
598,2022-12-04 11:35:44,43.515,18,590,426x240,2782,9.5,3266269184,1374370567,5526414,0.0280394089301139
599,2022-12-04 11:35:45,42.453,18,590,426x240,2782,7.0,3285319680,1386300031,5585727,0.0280605783895961
600,2022-12-04 11:35:46,41.39,18,590,426x240,2782,5.4,3290120192,1393552805,5631710,0.0280815556712036
601,2022-12-04 11:35:47,40.593,18,590,426x240,2782,4.7,3166986240,1393555833,5631710,0.0281027304279751
602,2022-12-04 11:35:48,39.531,18,590,426x240,2782,5.1,3167760384,1393557347,5631710,0.0281239049134405
603,2022-12-04 11:35:49,38.468,18,590,426x240,2782,4.2,3160735744,1393557347,5631710,0.0281446884694756
604,2022-12-04 11:35:50,37.406,18,590,426x240,2782,5.0,3160174592,1393558861,5631710,0.0281658621209513
605,2022-12-04 11:35:51,36.343,18,590,426x240,2782,3.9,3160436736,1393558861,5631710,0.0281870355011441
606,2022-12-04 11:35:52,35.547,18,590,426x240,2782,5.2,3162079232,1393558861,5631710,0.0282082025865704
607,2022-12-04 11:35:53,34.482,18,590,426x240,2782,7.1,3185352704,1406861649,5668440,0.0282263738098537
608,2022-12-04 11:35:54,33.422,18,590,426x240,2782,5.7,3195179008,1410692053,5691417,0.0282468023253331
609,2022-12-04 11:35:55,32.359,18,590,426x240,2782,6.5,3217674240,1416020347,5715236,0.0282639227037217
610,2022-12-04 11:35:56,31.359,18,590,426x240,2782,8.6,3228831744,1435793985,5811613,0.028284630046645
611,2022-12-04 11:35:57,30.499,18,590,426x240,2782,6.9,3245846528,1445047817,5854168,0.0283057956650292
612,2022-12-04 11:35:58,29.437,18,590,426x240,2782,8.1,3262611456,1464635917,5930958,0.0283269610123248
613,2022-12-04 11:35:59,28.375,18,590,426x240,2782,6.7,3248975872,1478477571,6003396,0.0283468190621258
614,2022-12-04 11:36:00,27.578,18,590,426x240,2782,25.9,3494068224,1493993367,6061262,0.0283576382546887
615,2022-12-04 11:36:01,26.515,18,590,426x240,2782,4.7,3500609536,1498549741,6090980,0.0283787941700995
616,2022-12-04 11:36:02,25.453,18,590,426x240,2782,12.9,3354812416,1509473427,6135514,0.0283998952767197
617,2022-12-04 11:36:03,24.391,18,590,426x240,2782,6.1,3368624128,1514969193,6168518,0.0284209596469314
618,2022-12-04 11:36:04,23.593,18,590,426x240,2782,15.7,3363586048,1525941195,6219226,0.0284417141157528
619,2022-12-04 11:36:05,22.531,18,590,426x240,2782,6.2,3369533440,1530683895,6237578,0.0284628624720998
620,2022-12-04 11:36:06,21.469,18,590,426x240,2782,12.0,3354660864,1534513847,6270632,0.0284840105486852
621,2022-12-04 11:36:07,20.406,18,590,426x240,2782,4.5,3363074048,1540619877,6282650,0.0285051279359641
622,2022-12-04 11:36:08,19.344,18,590,426x240,2782,7.1,3396579328,1551345581,6325806,0.0285262754306838
623,2022-12-04 11:36:09,18.547,18,590,426x240,2782,16.0,2923483136,1551345877,6326272,0.0285465699525375
624,2022-12-04 11:36:10,17.484,18,590,426x240,2782,18.2,2929881088,1551345877,6326326,0.0285889842803256
625,2022-12-04 11:36:11,16.422,18,590,426x240,2782,7.0,2933211136,1553831621,6336634,0.0286101118077195
626,2022-12-04 11:36:12,15.36,18,590,426x240,2782,6.8,2939662336,1559168959,6354976,0.0286276721649431
627,2022-12-04 11:36:13,14.453,18,590,426x240,2782,7.0,2933907456,1563897823,6374988,0.0286695153086732
628,2022-12-04 11:36:14,13.484,18,590,426x240,2782,6.5,2940735488,1569397361,6399144,0.0286892801118391
629,2022-12-04 11:36:15,12.422,18,590,426x240,2782,7.8,2954096640,1577263997,6431148,0.0287087365900366
630,2022-12-04 11:36:16,11.36,30,3171,1280x720,2782,5.2,2949599232,1580600749,6456767,0.0287298571734715
631,2022-12-04 11:36:17,10.5,30,3171,1280x720,2782,7.6,2974216192,1592448911,6504899,0.0287492053579945
